{"entities":{"pages":{"post2":{"id":"post2","title":"GitHub과 Writerside 프로젝트 연동 및 배포가이드","url":"post2.html","level":0,"tabIndex":0},"Tutorial":{"id":"Tutorial","title":"Tutorial2","url":"tutorial.html","level":0,"tabIndex":1},"algogo":{"id":"algogo","title":"algogo","url":"algogo.html","level":0,"tabIndex":2},"New-topic":{"id":"New-topic","title":"토픽이 2","url":"new-topic.html","level":0,"tabIndex":3},"starter-topic":{"id":"starter-topic","title":"Starter topic","url":"starter-topic.html","level":0,"tabIndex":4}}},"topLevelIds":["post2","Tutorial","algogo","New-topic","starter-topic"]}