{"entities":{"pages":{"Tutorial":{"id":"Tutorial","title":"Tutorial","url":"tutorial.html","level":0,"tabIndex":0},"GitHub과-Writerside-프로젝트-연동-및-배포-가이드-🚀":{"id":"GitHub과-Writerside-프로젝트-연동-및-배포-가이드-🚀","title":"GitHub과 Writerside 프로젝트 연동 및 배포 가이드 🚀","url":"github과-writerside-프로젝트-연동-및-배포-가이드.html","level":0,"tabIndex":1},"New-topic":{"id":"New-topic","title":"토픽이","url":"new-topic.html","level":0,"tabIndex":2},"algo생각":{"id":"algo생각","title":"Starter topic2131231","url":"algo생각.html","level":0,"tabIndex":3},"starter-topic":{"id":"starter-topic","title":"Starter topic","url":"starter-topic.html","level":0,"tabIndex":4}}},"topLevelIds":["Tutorial","GitHub과-Writerside-프로젝트-연동-및-배포-가이드-🚀","New-topic","algo생각","starter-topic"]}