{"entities":{"pages":{"GitHub과-Writerside-프로젝트-연동-및-배포-가이드-🚀":{"id":"GitHub과-Writerside-프로젝트-연동-및-배포-가이드-🚀","title":"GitHub과 Writerside 프로젝트 연동 및 배포 가이드 🚀","url":"github과-writerside-프로젝트-연동-및-배포-가이드.html","level":0,"tabIndex":0},"New-topic":{"id":"New-topic","title":"토픽이","url":"new-topic.html","level":0,"tabIndex":1},"algo생각":{"id":"algo생각","title":"algo생각 파이썬 할때","url":"algo생각.html","level":0,"tabIndex":2},"starter-topic":{"id":"starter-topic","title":"Starter topic","url":"starter-topic.html","level":0,"tabIndex":3}}},"topLevelIds":["GitHub과-Writerside-프로젝트-연동-및-배포-가이드-🚀","New-topic","algo생각","starter-topic"]}